{
  "AUC": [
    0.9119122624397278,
    0.9320685267448425,
    0.9363846182823181,
    0.938979983329773,
    0.9412128329277039,
    0.9426112771034241,
    0.9437826871871948,
    0.9447378516197205,
    0.9455966353416443,
    0.9462844133377075,
    0.9470588564872742,
    0.9475642442703247,
    0.9480539560317993,
    0.9484695196151733,
    0.9488237500190735,
    0.9491654634475708,
    0.9496467709541321,
    0.9498646259307861,
    0.9499424695968628,
    0.950434684753418,
    0.9505747556686401,
    0.9508578777313232,
    0.9509934186935425,
    0.9513524174690247,
    0.9515941143035889,
    0.9516971111297607,
    0.9518755674362183,
    0.9521095752716064,
    0.9522743225097656,
    0.9523189663887024,
    0.952638566493988,
    0.9526095390319824,
    0.9528582096099854,
    0.9529650211334229,
    0.9533393979072571,
    0.9533066153526306,
    0.9535038471221924,
    0.9535936117172241,
    0.9535854458808899,
    0.9538547396659851
  ],
  "Precision": [
    0.8324370384216309,
    0.8569978475570679,
    0.8626224994659424,
    0.8664371371269226,
    0.8695293068885803,
    0.8716385364532471,
    0.8731034398078918,
    0.8740642666816711,
    0.8749547600746155,
    0.87605881690979,
    0.876979410648346,
    0.877112627029419,
    0.8776729106903076,
    0.8783659934997559,
    0.8790570497512817,
    0.8798486590385437,
    0.8802155256271362,
    0.8799159526824951,
    0.8807481527328491,
    0.8811285495758057,
    0.8810456395149231,
    0.8820534944534302,
    0.8820001482963562,
    0.882166862487793,
    0.8825892806053162,
    0.8823124170303345,
    0.8830000758171082,
    0.8838309645652771,
    0.884288489818573,
    0.883833646774292,
    0.884280800819397,
    0.8838905692100525,
    0.8843962550163269,
    0.8849424719810486,
    0.8852128386497498,
    0.8851523399353027,
    0.8852365612983704,
    0.8859269022941589,
    0.886096715927124,
    0.8861806988716125
  ],
  "Recall": [
    0.8916439414024353,
    0.902726411819458,
    0.9042261242866516,
    0.9057258367538452,
    0.9070255756378174,
    0.9081330299377441,
    0.9094712734222412,
    0.910586416721344,
    0.9114401340484619,
    0.9123476147651672,
    0.9119169116020203,
    0.9128244519233704,
    0.9132320880889893,
    0.9136627316474915,
    0.9134012460708618,
    0.9139396548271179,
    0.9145779609680176,
    0.9147471785545349,
    0.9144472479820251,
    0.9148625135421753,
    0.9149932861328125,
    0.915585458278656,
    0.9150009751319885,
    0.9157777428627014,
    0.9157546758651733,
    0.9162545800209045,
    0.9166698455810547,
    0.9165468215942383,
    0.9170621037483215,
    0.9170390367507935,
    0.9169929027557373,
    0.9169621467590332,
    0.9169698357582092,
    0.9171005487442017,
    0.9173466563224792,
    0.9172159433364868,
    0.9181541800498962,
    0.9173235893249512,
    0.918507993221283,
    0.917715847492218
  ],
  "accuracy": [
    0.843082845211029,
    0.8648514747619629,
    0.8692831993103027,
    0.872490644454956,
    0.8751195073127747,
    0.8770104050636292,
    0.8785868883132935,
    0.8797314763069153,
    0.8807083964347839,
    0.8818488121032715,
    0.8822429180145264,
    0.8827544450759888,
    0.8833078742027283,
    0.8839577436447144,
    0.8842806220054626,
    0.8850436806678772,
    0.8855803608894348,
    0.8854671716690063,
    0.8858612775802612,
    0.8863015174865723,
    0.8863099217414856,
    0.887236475944519,
    0.8869262337684631,
    0.8874000310897827,
    0.8876599669456482,
    0.887718677520752,
    0.8883559703826904,
    0.8888297080993652,
    0.8893663883209229,
    0.8890644907951355,
    0.88932865858078,
    0.8890644907951355,
    0.8893915414810181,
    0.8898024559020996,
    0.8900917172431946,
    0.8899911046028137,
    0.8904900550842285,
    0.8905361890792847,
    0.8912069797515869,
    0.8908841609954834
  ],
  "loss": [
    0.36967733502388,
    0.3261832296848297,
    0.3160243332386017,
    0.3097168505191803,
    0.30417272448539734,
    0.3005666732788086,
    0.2972581684589386,
    0.2949846088886261,
    0.29257237911224365,
    0.2908921539783478,
    0.28889530897140503,
    0.2875155210494995,
    0.2861957848072052,
    0.2850997745990753,
    0.284065306186676,
    0.2830970585346222,
    0.2819223701953888,
    0.2812103033065796,
    0.28091421723365784,
    0.27958500385284424,
    0.27920883893966675,
    0.2783133089542389,
    0.2780549228191376,
    0.2770766317844391,
    0.2764105200767517,
    0.27612370252609253,
    0.27554476261138916,
    0.2748952805995941,
    0.27436700463294983,
    0.27432385087013245,
    0.2734542787075043,
    0.27345311641693115,
    0.27275988459587097,
    0.2723529636859894,
    0.27144548296928406,
    0.2713627219200134,
    0.2708704471588135,
    0.2705533802509308,
    0.2704814374446869,
    0.2697780430316925
  ],
  "val_AUC": [
    0.9295393228530884,
    0.9352817535400391,
    0.9380054473876953,
    0.9394602179527283,
    0.9408906698226929,
    0.9430569410324097,
    0.9426404237747192,
    0.9443299770355225,
    0.9447022676467896,
    0.9450352787971497,
    0.9464390277862549,
    0.9462329745292664,
    0.9469630122184753,
    0.9469109773635864,
    0.9471130967140198,
    0.9470136165618896,
    0.9471185803413391,
    0.9480320811271667,
    0.9480036497116089,
    0.9485036134719849,
    0.9482851624488831,
    0.9485496878623962,
    0.9494561553001404,
    0.9489926695823669,
    0.9493074417114258,
    0.9496626853942871,
    0.9500805735588074,
    0.9486157298088074,
    0.9488822221755981,
    0.9501126408576965,
    0.9496020078659058,
    0.9483363628387451,
    0.9490611553192139,
    0.9500612020492554,
    0.9495684504508972,
    0.9504236578941345,
    0.950354278087616,
    0.9508886933326721,
    0.9509851932525635,
    0.9509071111679077
  ],
  "val_Precision": [
    0.848591148853302,
    0.8587486147880554,
    0.8684439063072205,
    0.8741948008537292,
    0.868375837802887,
    0.8780435919761658,
    0.8732781410217285,
    0.8750447630882263,
    0.88036048412323,
    0.8641195893287659,
    0.8767270445823669,
    0.8806087374687195,
    0.8855858445167542,
    0.8731248378753662,
    0.8769868612289429,
    0.8811002969741821,
    0.8627225160598755,
    0.8845885992050171,
    0.8698244094848633,
    0.876352846622467,
    0.882736325263977,
    0.8792546391487122,
    0.8835744261741638,
    0.8709573745727539,
    0.8786806464195251,
    0.8763580322265625,
    0.8718651533126831,
    0.8739226460456848,
    0.8658832311630249,
    0.8820751905441284,
    0.8723882436752319,
    0.8764690160751343,
    0.8780921101570129,
    0.8801289200782776,
    0.8938765525817871,
    0.8770070672035217,
    0.8806201219558716,
    0.8849294781684875,
    0.8798152208328247,
    0.8813468813896179
  ],
  "val_Recall": [
    0.9052198529243469,
    0.9048488140106201,
    0.8975818157196045,
    0.8939018845558167,
    0.9070443511009216,
    0.897674560546875,
    0.9037664532661438,
    0.9073535799980164,
    0.9001793265342712,
    0.9225060343742371,
    0.9085286855697632,
    0.9036737084388733,
    0.8954171538352966,
    0.912517786026001,
    0.9093945026397705,
    0.9033335447311401,
    0.9275774359703064,
    0.9025604724884033,
    0.920526921749115,
    0.9139402508735657,
    0.9046013951301575,
    0.9090543389320374,
    0.9065805077552795,
    0.9218875765800476,
    0.9135691523551941,
    0.9179293513298035,
    0.9245469570159912,
    0.9187024831771851,
    0.927361011505127,
    0.9127342700958252,
    0.9244542121887207,
    0.9155791997909546,
    0.9165687561035156,
    0.9120539426803589,
    0.892881453037262,
    0.918826162815094,
    0.9151771664619446,
    0.9115282297134399,
    0.9188570976257324,
    0.9162595272064209
  ],