{
  "AUC": [
    0.9139609932899475,
    0.9330630898475647,
    0.937587320804596,
    0.940253496170044,
    0.9421369433403015,
    0.9436113238334656,
    0.9444651007652283,
    0.9456345438957214,
    0.9464234113693237,
    0.9470460414886475,
    0.9475186467170715,
    0.9480774402618408,
    0.9485881924629211,
    0.9488187432289124,
    0.9491157531738281,
    0.9496471285820007,
    0.9499174356460571,
    0.9503768682479858,
    0.950602114200592,
    0.9508858323097229,
    0.9511250257492065,
    0.9514186382293701,
    0.9515688419342041,
    0.9518656134605408,
    0.952136218547821,
    0.9522387385368347,
    0.9524429440498352,
    0.9526119828224182,
    0.9528824687004089,
    0.9529615044593811,
    0.9530491232872009,
    0.9531190395355225,
    0.9534096121788025,
    0.9536927342414856,
    0.9536508321762085,
    0.9538907408714294,
    0.9540871381759644,
    0.9541462659835815,
    0.9542019963264465,
    0.9544128179550171
  ],
  "Precision": [
    0.8353018760681152,
    0.8588669300079346,
    0.864721953868866,
    0.8677056431770325,
    0.8706910014152527,
    0.8724139928817749,
    0.8739417791366577,
    0.8751524686813354,
    0.8762998580932617,
    0.8773788809776306,
    0.8781546950340271,
    0.8788074254989624,
    0.8793867826461792,
    0.8793101906776428,
    0.8797511458396912,
    0.8807855844497681,
    0.8812388181686401,
    0.8817452192306519,
    0.8816958665847778,
    0.8819651007652283,
    0.8824149370193481,
    0.8825684785842896,
    0.8821293115615845,
    0.8829070329666138,
    0.8834818601608276,
    0.8835170865058899,
    0.8838765621185303,
    0.8837786316871643,
    0.8839688301086426,
    0.8842206001281738,
    0.8846344947814941,
    0.8840857744216919,
    0.8849115371704102,
    0.8847782015800476,
    0.8849478960037231,
    0.8851956725120544,
    0.8856968879699707,
    0.8855528831481934,
    0.8855226635932922,
    0.8863823413848877
  ],
  "Recall": [
    0.8898365497589111,
    0.9019804000854492,
    0.904418408870697,
    0.9060642123222351,
    0.9077485203742981,
    0.9084175825119019,
    0.9090405702590942,
    0.9103403091430664,
    0.9105633497238159,
    0.9105172157287598,
    0.911470890045166,
    0.9117631316184998,
    0.9119246006011963,
    0.9125552773475647,
    0.9124783873558044,
    0.9126706123352051,
    0.9132013320922852,
    0.9137396812438965,
    0.9142242074012756,
    0.9136012196540833,
    0.9147933125495911,
    0.915224015712738,
    0.9154470562934875,
    0.9155547022819519,
    0.9155393242835999,
    0.916377604007721,
    0.9161930680274963,
    0.9173082113265991,
    0.9164314270019531,
    0.9175696969032288,
    0.9168698191642761,
    0.9170082807540894,
    0.9175312519073486,
    0.9178081154823303,
    0.9179773330688477,
    0.9177850484848022,
    0.9183387756347656,
    0.9187002778053284,
    0.91806960105896,
    0.9186540842056274
  ],
  "accuracy": [
    0.844294548034668,
    0.8657613396644592,
    0.8707590699195862,
    0.8734801411628723,
    0.876213788986206,
    0.8776476979255676,
    0.8789306879043579,
    0.8803226947784424,
    0.8811696171760559,
    0.8818446397781372,
    0.8827921748161316,
    0.8833498358726501,
    0.8837984204292297,
    0.8840458393096924,
    0.8842931985855103,
    0.8850478529930115,
    0.8855887651443481,
    0.8861673474311829,
    0.8863644003868103,
    0.8862428069114685,
    0.8870939612388611,
    0.8873957991600037,
    0.8872197270393372,
    0.8877689838409424,
    0.8881295323371887,
    0.8885487914085388,
    0.8886913657188416,
    0.8891567587852478,
    0.8888632655143738,
    0.8895634412765503,
    0.889496386051178,
    0.8892112374305725,
    0.8899869322776794,
    0.8900330662727356,
    0.8902217149734497,
    0.890288770198822,
    0.8908715844154358,
    0.8909512758255005,
    0.8906325697898865,
    0.8914585709571838
  ],
  "loss": [
    0.3671330511569977,
    0.32451480627059937,
    0.31342077255249023,
    0.3067135810852051,
    0.3018780052661896,
    0.2981732189655304,
    0.29569295048713684,
    0.2927548885345459,
    0.2905815839767456,
    0.28896844387054443,
    0.2876165211200714,
    0.28607499599456787,
    0.2846822440624237,
    0.2840200960636139,
    0.28318697214126587,
    0.2816745936870575,
    0.28106415271759033,
    0.2797522246837616,
    0.27904096245765686,
    0.2782970666885376,
    0.277617484331131,
    0.2768263816833496,
    0.27642732858657837,
    0.2755013406276703,
    0.2747272253036499,
    0.2743893563747406,
    0.27390187978744507,
    0.2733197808265686,
    0.272563099861145,
    0.27231621742248535,
    0.272027850151062,
    0.2717514634132385,
    0.2709410488605499,
    0.27013471722602844,
    0.270304799079895,
    0.26965466141700745,
    0.269006609916687,
    0.2688676416873932,
    0.2687566876411438,
    0.26809072494506836
  ],
  "val_AUC": [
    0.929985761642456,
    0.9351628422737122,
    0.9387528896331787,
    0.9401096105575562,
    0.9419775605201721,
    0.9432540535926819,
    0.9439985752105713,
    0.9448645114898682,
    0.9455618858337402,
    0.9454977512359619,
    0.9457544684410095,
    0.9466323256492615,
    0.9466053247451782,
    0.9472178220748901,
    0.9475415945053101,
    0.9475182294845581,
    0.9479570984840393,
    0.9480637311935425,
    0.9479762315750122,
    0.9476608037948608,
    0.9482027888298035,
    0.9479463696479797,
    0.9483474493026733,
    0.949106752872467,
    0.949032187461853,
    0.9478170275688171,
    0.9494954943656921,
    0.9488860368728638,
    0.9487918019294739,
    0.9490386247634888,
    0.9493664503097534,
    0.9490755796432495,
    0.9501804113388062,
    0.9500346779823303,
    0.9504097700119019,
    0.9499030709266663,
    0.9499940872192383,
    0.9498305320739746,
    0.9506835341453552,
    0.950383186340332
  ],
  "val_Precision": [
    0.8591662645339966,
    0.8516806960105896,
    0.8534700870513916,
    0.8757331967353821,
    0.8631763458251953,
    0.8694957494735718,
    0.86025071144104,
    0.8684148788452148,
    0.872248649597168,
    0.8631706833839417,
    0.885450541973114,
    0.8707305788993835,
    0.8721740245819092,
    0.8837888240814209,
    0.867667555809021,
    0.873436689376831,
    0.8880739212036133,
    0.8727549910545349,
    0.8830721974372864,
    0.8637526035308838,
    0.878588855266571,
    0.878706693649292,
    0.8845326900482178,
    0.8828712701797485,
    0.8814609050750732,
    0.8738511204719543,
    0.8816516995429993,
    0.8758854866027832,
    0.880652666091919,
    0.8657897710800171,
    0.8787527680397034,
    0.8701430559158325,
    0.8737409114837646,
    0.8754699230194092,
    0.8892782926559448,
    0.8750624060630798,
    0.870729923248291,
    0.8810687065124512,
    0.8802457451820374,
    0.8782547116279602
  ],
  "val_Recall": [
    0.8909950852394104,
    0.911992073059082,
    0.9187642931938171,
    0.8910878896713257,
    0.9126105308532715,
    0.9085904955863953,
    0.9232172966003418,
    0.9165378212928772,
    0.9129506945610046,
    0.9248561859130859,
    0.8927886486053467,
    0.9191972017288208,
    0.9174036979675293,
    0.8990660905838013,
    0.9239594340324402,
    0.9178675413131714,
    0.8948296308517456,
    0.9196611046791077,
    0.904508650302887,
    0.9294328689575195,
    0.9141258001327515,
    0.9126724004745483,
    0.9034881591796875,
    0.9109097719192505,
    0.9112808704376221,
    0.9202486276626587,
    0.9124868512153625,
    0.9176510572433472,
    0.9129506945610046,
    0.9302059412002563,
    0.9141876697540283,
    0.9272682070732117,
    0.9227533936500549,
    0.9217638969421387,
    0.9023130536079407,
    0.9211453795433044,
    0.9277320504188538,
    0.9147442579269409,
    0.9171562790870667,
    0.9199703335762024
  ],